areaCode,doro,gu,dong
11947.0,당산로44길,영등포구,당산2동
11948.0,동일로242길,노원구,상계1동
11949.0,동일로_A,노원구,상계1동
11950.0,동일로_B,노원구,상계1동
11953.0,도봉로_A,도봉구,도봉1동
11954.0,동일로_C,노원구,상계1동
11956.0,동일로242가길,노원구,상계1동
11957.0,도봉로181길_A,도봉구,도봉1동
11958.0,도봉로181길_B,도봉구,도봉1동
11962.0,상계로,노원구,상계2동
11963.0,한글비석로20길_A,노원구,중계4동
11964.0,상계로23다길,노원구,상계2동
11965.0,상계로1길,노원구,상계10동
11966.0,해등로_B,도봉구,쌍문2동
11967.0,덕릉로_A,노원구,중계4동
11969.0,한글비석로20길_B,노원구,중계4동
11970.0,상계로27길,노원구,상계5동
11971.0,덕릉로83길,노원구,중계4동
11972.0,도봉로_B,도봉구,방학1동
11974.0,노원로34길,노원구,상계5동
11975.0,한글비석로_B,노원구,상계5동
11978.0,한글비석로_D,노원구,상계5동
11979.0,도당로27길,도봉구,방학1동
11981.0,방학로10길,도봉구,방학2동
11982.0,도당로_A,도봉구,방학1동
11983.0,도봉로156길,도봉구,도봉2동
11984.0,도봉로145길,도봉구,방학1동
11992.0,도봉로150길,도봉구,방학1동
11993.0,도당로13길_A,도봉구,방학2동
11994.0,도봉로_D,도봉구,방학1동
11995.0,도당로13길_B,도봉구,방학2동
11998.0,도봉로109길,도봉구,쌍문3동
12000.0,도봉로114길,도봉구,창1동
12001.0,도봉로_E,도봉구,쌍문3동
12003.0,도봉로_G,도봉구,창1동
12005.0,도봉로113길,도봉구,쌍문3동
12014.0,도봉로_H,도봉구,쌍문3동
12015.0,노해로_A,노원구,상계2동
12017.0,노해로65길,도봉구,창5동
12024.0,노해로85길,노원구,상계2동
12025.0,노해로63길,도봉구,창5동
12026.0,삼양로144길,도봉구,쌍문1동
12029.0,도봉로71길,강북구,수유1동
12030.0,도봉로67길_A,강북구,미아동
12032.0,도봉로_K,강북구,미아동
12033.0,도봉로_L,강북구,미아동
12034.0,도봉로67길_B,강북구,삼양동
12035.0,도봉로77길,강북구,수유1동
12039.0,도봉로_M,강북구,수유1동
12042.0,덕릉로60길,도봉구,창3동
12043.0,한천로143길,강북구,수유3동
12044.0,도봉로_N,강북구,번1동
12047.0,노해로11길,강북구,수유3동
12048.0,도봉로_O,강북구,번1동
12050.0,노해로17길,강북구,수유3동
12051.0,동일로203가길,노원구,중계2.3동
12052.0,한천로_B,강북구,수유3동
12053.0,덕릉로57길,도봉구,창2동
12054.0,한천로140길,강북구,수유3동
12056.0,덕릉로_E,도봉구,창2동
12058.0,석계로_A,노원구,월계1동
12059.0,동일로180길,노원구,공릉1동
12062.0,연서로29길,은평구,갈현1동
12063.0,갈현로_A,은평구,갈현2동
12066.0,갈현로_B,은평구,갈현2동
12067.0,통일로_A,은평구,불광2동
12070.0,통일로87길,은평구,갈현1동
12071.0,동일로_L,노원구,공릉1동
12072.0,통일로83길,은평구,갈현1동
12073.0,동일로_M,노원구,공릉1동
12074.0,솔샘로67길,강북구,송천동
12075.0,공릉로_B,노원구,공릉2동
12076.0,동일로_N,노원구,공릉1동
12077.0,도봉로50길,강북구,미아동
12079.0,도봉로_P,강북구,미아동
12081.0,솔매로,강북구,미아동
12084.0,동일로197길,노원구,공릉1동
12085.0,도봉로_Q,강북구,미아동
12086.0,동일로192길,노원구,공릉1동
12088.0,도봉로_R,강북구,미아동
12090.0,월계로_A,강북구,송중동
12091.0,공릉로2길,중랑구,묵1동
12092.0,한천로78길,성북구,석관동
12093.0,서오릉로_A,은평구,갈현2동
12094.0,월계로7길,강북구,송중동
12097.0,연서로_B,은평구,대조동
12098.0,장위로38길,성북구,장위2동
12102.0,월계로7나길,강북구,송중동
12103.0,동일로_O,중랑구,묵2동
12110.0,보국문로_A,성북구,정릉4동
12111.0,석계로1길,노원구,월계1동
12113.0,통일로73길,은평구,대조동
12114.0,연서로26길,은평구,대조동
12116.0,도봉로10다길,강북구,송중동
12118.0,통일로_C,은평구,대조동
12120.0,공릉로_E,중랑구,묵1동
12121.0,연서로27길,은평구,갈현2동
12122.0,석계로_B,노원구,월계1동
12123.0,솔샘로64길,강북구,송천동
12124.0,석계로9길,노원구,월계1동
12130.0,중랑역로_B,중랑구,중화2동
12131.0,화랑로13길,성북구,월곡2동
12134.0,중랑역로_C,중랑구,묵2동
12135.0,봉화산로56길,중랑구,신내1동
12139.0,오패산로,성북구,월곡2동
12140.0,길음로_A,성북구,길음1동
12142.0,정릉로26길,성북구,정릉2동
12143.0,화랑로_C,성북구,월곡2동
12144.0,중랑역로_D,중랑구,중화2동
12145.0,길음로7길,성북구,길음1동
12146.0,신내로14길,중랑구,신내1동
12147.0,정릉로_A,성북구,종암동
12149.0,평창문화로,종로구,평창동
12154.0,보국문로11길,성북구,정릉3동
12156.0,동일로_Q,중랑구,묵2동
12157.0,도봉로_S,성북구,길음2동
12159.0,불광로_B,은평구,대조동
12161.0,평창11길,종로구,평창동
12165.0,용마산로115길_A,중랑구,망우본동
12166.0,망우로_A,중랑구,망우본동
12167.0,종암로_A,성북구,종암동
12168.0,중랑역로_E,중랑구,중화2동
12169.0,용마산로115길_B,중랑구,망우본동
12171.0,이문로30길_B,동대문구,이문1동
12172.0,종암로19길,성북구,종암동
12175.0,망우로_B,중랑구,상봉1동
12176.0,망우로_C,중랑구,망우본동
12178.0,망우로62길,중랑구,망우본동
12181.0,중랑역로_F,중랑구,중화2동
12185.0,망우로_E,중랑구,신내1동
12186.0,종암로_B,성북구,종암동
12188.0,은평로_C,은평구,신사1동
12192.0,동일로_R,중랑구,중화1동
12199.0,갈현로_D,은평구,신사1동
12200.0,동일로_V,중랑구,중화2동
12201.0,종암로_D,성북구,종암동
12203.0,망우로_F,중랑구,망우본동
12204.0,은평로11길,은평구,응암1동
12206.0,홍은중앙로,서대문구,홍제3동
12207.0,삼선교로_A,성북구,삼선동
12208.0,동소문로_C,성북구,삼선동
12210.0,용마산로_A,중랑구,면목3.8동
12211.0,증산로15길,은평구,증산동
12215.0,통일로_E,서대문구,홍제1동
12218.0,동소문로_D,성북구,삼선동
12222.0,보문로_B,성북구,삼선동
12223.0,보문로_C,성북구,삼선동
12224.0,봉우재로14길,중랑구,면목2동
12227.0,상봉로11길,중랑구,면목본동
12228.0,보문로30길,성북구,동선동
12229.0,응암로13길_A,은평구,응암3동
12230.0,동소문로6길,성북구,삼선동
12231.0,응암로_A,은평구,응암3동
12232.0,보문로_D,성북구,보문동
12233.0,가좌로,은평구,응암3동
12234.0,동소문로_E,성북구,삼선동
12236.0,동소문로_F,성북구,삼선동
12237.0,응암로4길,은평구,응암3동
12238.0,성북로,성북구,성북동
12240.0,면목로74길,중랑구,면목본동
12241.0,안암로_B,동대문구,제기동
12242.0,겸재로_A,중랑구,면목본동
12247.0,용마산로_B,중랑구,면목3.8동
12248.0,망우로21길,동대문구,휘경1동
12251.0,면목로_C,중랑구,상봉2동
12253.0,인왕시장길_A,서대문구,홍제3동
12254.0,망우로_H,중랑구,상봉2동
12255.0,동소문로_G,성북구,동선동
12257.0,망우로30길,중랑구,면목2동
12258.0,동소문로_H,성북구,동선동
12260.0,회기로_E,동대문구,회기동
12263.0,인왕시장길_B,서대문구,홍제3동
12264.0,이문로,동대문구,이문1동
12268.0,아리랑로_B,성북구,동선동
12269.0,아리랑로_C,성북구,동선동
12270.0,동소문로28길,성북구,동선동
12271.0,동소문로_I,성북구,삼선동
12272.0,봉우재로33길_A,중랑구,상봉2동
12273.0,망우로32길,중랑구,면목2동
12275.0,봉우재로43길,중랑구,상봉2동
12276.0,봉우재로33길_B,중랑구,상봉2동
12277.0,세검정로1길,서대문구,홍은1동
12278.0,면목로_D,중랑구,면목3.8동
12279.0,명지대길,서대문구,홍은2동
12283.0,면목로_E,중랑구,면목3.8동
12286.0,창덕궁1길,종로구,가회동
12287.0,율곡로3길,종로구,삼청동
12288.0,안암로_C,성북구,안암동
12290.0,북촌로5가길,종로구,삼청동
12291.0,사가정로_A,중랑구,면목3.8동
12292.0,자하문로9길,종로구,사직동
12294.0,면목로_G,중랑구,면목7동
12295.0,왕산로33길,동대문구,제기동
12298.0,사가정로_B,중랑구,면목3.8동
12299.0,계동길,종로구,가회동
12300.0,면목로_H,중랑구,면목본동
12301.0,응암로_C,서대문구,북가좌2동
12303.0,금낭화로_B,강서구,방화3동
12306.0,홍릉로5길,동대문구,제기동
12309.0,약령중앙로_B,동대문구,제기동
12310.0,면목로_I,중랑구,면목7동
12311.0,자하문로_B,종로구,청운효자동
12313.0,면목로55길,중랑구,면목3.8동
12314.0,삼청로,종로구,삼청동
12318.0,왕산로_A,동대문구,청량리동
12319.0,수색로_A,은평구,수색동
12320.0,개운사길_A,성북구,안암동
12324.0,인촌로24길,성북구,안암동
12325.0,안암로_D,성북구,안암동
12329.0,수색로4가길,서대문구,남가좌1동
12332.0,금낭화로_C,강서구,방화2동
12334.0,양천로_A,강서구,방화2동
12335.0,강서로_A,강서구,가양1동
12336.0,종로51길,종로구,창신1동
12338.0,영천시장길,서대문구,천연동
12339.0,사직로8길,종로구,사직동
12341.0,장한로_A,동대문구,장안2동
12342.0,답십리로_A,동대문구,장안2동
12343.0,창신길,종로구,창신2동
12346.0,수색로2길,서대문구,남가좌1동
12347.0,마장로37길,성동구,마장동
12350.0,종로_C,종로구,숭인2동
12351.0,방화동로_B,강서구,방화1동
12352.0,답십리로_B,동대문구,장안2동
12354.0,양천로_B,강서구,방화1동
12355.0,면목로_K,중랑구,면목4동
12357.0,숭인동길,종로구,숭인2동
12358.0,월드컵북로44길_A,마포구,상암동
12361.0,금낭화로_D,강서구,방화1동
12363.0,사가정로_D,동대문구,전농2동
12366.0,자하문로7길,종로구,청운효자동
12368.0,월드컵북로44길_B,마포구,상암동
12369.0,사가정로50길,중랑구,면목7동
12370.0,고산자로31길,동대문구,용신동
12372.0,매봉산로2길,마포구,상암동
12373.0,전농로17길,동대문구,전농1동
12374.0,한천로_C,동대문구,장안2동
12375.0,한천로33길,동대문구,장안2동
12376.0,증가로_B,서대문구,남가좌2동
12377.0,전농로_A,동대문구,전농2동
12378.0,면목로39길,중랑구,면목7동
12379.0,대학로,종로구,이화동
12381.0,천호대로_A,성동구,용답동
12382.0,한천로_D,동대문구,답십리2동
12383.0,면목로_L,광진구,중곡3동
12384.0,왕십리로_A,성동구,왕십리도선동
12385.0,다산로_A,중구,신당동
12387.0,다산로_B,중구,신당동
12390.0,다산로36길,중구,동화동
12393.0,용답중앙15길,성동구,용답동
12395.0,천호대로87길,동대문구,장안1동
12396.0,왕십리로_B,성동구,왕십리2동
12397.0,방화동로_C,강서구,방화2동
12398.0,장한로_B,동대문구,장안1동
12399.0,퇴계로87길_A,중구,황학동
12400.0,다산로35길,중구,신당동
12401.0,퇴계로86길,중구,동화동
12403.0,퇴계로83길,중구,황학동
12404.0,아리수로93길,강동구,강일동
12405.0,퇴계로88길,중구,신당5동
12408.0,천호대로_B,성동구,용답동
12409.0,용답19길,성동구,용답동
12416.0,양천로57길,강서구,가양2동
12418.0,무학로6길,성동구,왕십리도선동
12419.0,퇴계로87길_B,중구,황학동
12420.0,천호대로_C,성동구,용답동
12422.0,능동로_B,광진구,중곡2동
12423.0,월드컵북로6길_A,마포구,연남동
12424.0,마장로,성동구,마장동
12425.0,용마산로_D,광진구,중곡4동
12427.0,무학로_B,성동구,왕십리도선동
12428.0,장한로_C,동대문구,장안1동
12429.0,월드컵로36길,마포구,성산2동
12436.0,청계천로12가길,성동구,마장동
12437.0,마장로9길,중구,황학동
12440.0,수색로_B,서대문구,남가좌1동
12441.0,마장로31길,성동구,마장동
12443.0,연희맛로_B,서대문구,연희동
12444.0,전농로_B,동대문구,답십리1동
12446.0,청계천로,종로구,숭인2동
12449.0,방화동로_G,강서구,공항동
12451.0,장한로24길,동대문구,장안2동
12454.0,고산자로24길,성동구,마장동
12457.0,통일로_L,서대문구,천연동
12458.0,마장로5길,중구,황학동
12459.0,고산길,마포구,대흥동
12460.0,퇴계로12길,중구,회현동
12461.0,천호대로_E,광진구,중곡2동
12462.0,월드컵로_B,마포구,서교동
12463.0,영화사로_A,광진구,중곡4동
12464.0,신촌로_A,마포구,대흥동
12465.0,용마산로_E,광진구,중곡2동
12470.0,화곡로_A,강서구,화곡6동
12471.0,와우산로_A,마포구,서교동
12473.0,와우산로29길,마포구,서교동
12474.0,공항대로45길,강서구,등촌1동
12475.0,월드컵로_C,마포구,망원1동
12476.0,월드컵북로5나길,마포구,서교동
12477.0,망원로,마포구,망원1동
12478.0,신촌로4길,마포구,서교동
12479.0,숭문길,마포구,염리동
12480.0,천호대로111길,광진구,중곡2동
12484.0,신촌로_B,마포구,염리동
12485.0,용마산로_F,광진구,중곡4동
12488.0,월드컵로_D,마포구,망원1동
12491.0,공항대로_D,강서구,등촌1동
12492.0,연세로2길,서대문구,신촌동
12493.0,청파로_A,중구,중림동
12496.0,상일로_A,강동구,고덕2동
12500.0,다산로_D,중구,청구동
12501.0,면목로_N,광진구,군자동
12504.0,신촌역로,서대문구,신촌동
12505.0,월드컵로_F,마포구,망원2동
12506.0,다산로_E,중구,다산동
12508.0,월드컵로_G,마포구,성산1동
12510.0,장한로2길,동대문구,장안1동
12511.0,화곡로63길,강서구,등촌3동
12512.0,행당로17길,성동구,행당1동
12516.0,양화로23길,마포구,서교동
12517.0,월드컵북로_C,마포구,서교동
12518.0,퇴계로20길,중구,명동
12519.0,월드컵북로6길_B,마포구,연남동
12520.0,월드컵로25길_A,마포구,망원2동
12521.0,공항대로41길_A,강서구,등촌3동
12523.0,공항대로41길_B,강서구,등촌3동
12524.0,용마산로_G,광진구,중곡2동
12527.0,마조로,성동구,사근동
12528.0,동교로27길,마포구,연남동
12529.0,연희로_D,마포구,연남동
12534.0,공항대로41길_C,강서구,등촌3동
12536.0,화곡로68길,강서구,등촌1동
12537.0,월드컵로25길_B,마포구,망원2동
12539.0,다산로_F,중구,청구동
12543.0,다산로29길,중구,신당동
12544.0,왕십리로21길,성동구,왕십리2동
12545.0,등촌로_A,강서구,등촌2동
12548.0,까치산로_A,강서구,화곡6동
12550.0,강서로45라길,강서구,발산1동
12551.0,강서로_D,강서구,발산1동
12552.0,올림픽로_B,강동구,암사2동
12558.0,고덕로10길,강동구,암사1동
12561.0,목동중앙북로7길,양천구,목3동
12563.0,월드컵로1길,마포구,합정동
12564.0,올림픽로_D,강동구,암사1동
12566.0,자양로45길,광진구,구의2동
12567.0,천호대로_G,광진구,구의2동
12569.0,동호로7길,중구,약수동
12570.0,후암로_A,용산구,후암동
12571.0,후암로_B,용산구,후암동
12572.0,양화로_A,마포구,서교동
12576.0,강서로_E,강서구,우장산동
12577.0,서강로9길,마포구,서교동
12578.0,와우산로_C,마포구,서교동
12579.0,잔다리로,마포구,서교동
12580.0,후암로_C,용산구,남영동
12581.0,공항대로_G,강서구,등촌1동
12582.0,금호산길,성동구,금호2.3가동
12583.0,자양로43길,광진구,중곡4동
12584.0,고덕로_B,강동구,암사3동
12585.0,무수막길,성동구,금호2.3가동
12586.0,고덕로_C,강동구,암사1동
12588.0,동호로_A,중구,약수동
12590.0,공항대로_H,강서구,염창동
12591.0,양천로_K,강서구,등촌1동
12592.0,상일로_B,강동구,강일동
12595.0,강서로_F,강서구,발산1동
12597.0,천호대로112길,광진구,능동
12599.0,백범로_A,마포구,대흥동
12600.0,양재대로128길,강동구,길동
12602.0,능동로15길,광진구,화양동
12603.0,청파로_C,용산구,청파동
12604.0,화곡로_C,강서구,우장산동
12606.0,왕십리로_E,성동구,성수1가1동
12607.0,올림픽로_E,강동구,천호2동
12609.0,구천면로41길,강동구,천호2동
12611.0,아차산로7길_A,성동구,성수2가3동
12614.0,양재대로_C,강동구,천호1동
12615.0,광나루로_B,광진구,구의1동
12616.0,백범로_B,마포구,염리동
12617.0,청파로47길_A,용산구,청파동
12621.0,no_data,광진구,화양동
12624.0,아차산로_A,성동구,성수2가3동
12625.0,상원길,성동구,성수1가2동
12628.0,원효로_A,용산구,원효로1동
12629.0,no_data,광진구,화양동
12630.0,청파로_E,용산구,청파동
12631.0,청파로47길_B,용산구,청파동
12632.0,올림픽로_F,강동구,천호2동
12635.0,서울숲4길,성동구,성수1가2동
12637.0,장터길_A,성동구,금호4가동
12639.0,구천면로100길,강동구,상일동
12640.0,올림픽로98길,강동구,암사1동
12641.0,상암로_C,강동구,암사2동
12642.0,아차산로7길_B,성동구,성수2가3동
12645.0,강서로45길_A,강서구,화곡3동
12649.0,독서당로_B,성동구,금호4가동
12650.0,강서로45길_B,강서구,화곡3동
12653.0,상암로_D,강동구,명일1동
12657.0,장터길_B,성동구,금호2.3가동
12658.0,상암로61길,강동구,명일2동
12659.0,마포대로14길,마포구,공덕동
12661.0,올림픽로92길,강동구,천호2동
12662.0,독막로8길,마포구,합정동
12663.0,마포대로12길,마포구,아현동
12665.0,아차산로78길,광진구,광장동
12668.0,성수일로12길,성동구,성수2가3동
12672.0,백범로_D,마포구,신수동
12674.0,마포대로8길,마포구,아현동
12675.0,양화로_B,마포구,합정동
12677.0,화곡로_F,강서구,화곡본동
12678.0,등촌로_B,양천구,목3동
12679.0,목동중앙북로16길,양천구,목2동
12680.0,장터길_C,성동구,금호2.3가동
12681.0,강서로_G,강서구,화곡3동
12684.0,동남로65길,강동구,명일2동
12685.0,천호대로_I,강동구,천호2동
12686.0,성덕정길_A,성동구,성수1가1동
12688.0,양평로_A,영등포구,양평2동
12689.0,마포대로4길,마포구,도화동
12690.0,양평로22길,영등포구,양평2동
12692.0,구의로,광진구,구의3동
12694.0,양평로_B,영등포구,양평2동
12695.0,양평로_C,영등포구,양평2동
12697.0,올림픽로80길,강동구,천호2동
12700.0,no_data,성동구,성수2가3동
12702.0,목동중앙남로11길,양천구,목4동
12704.0,천중로52길,강동구,길동
12705.0,올림픽로_I,강동구,천호2동
12708.0,녹사평대로,용산구,이태원2동
12709.0,no_data,광진구,자양4동
12710.0,아차산로51길,광진구,구의1동
12711.0,까치산로4길,강서구,화곡본동
12712.0,동일로24길,광진구,화양동
12714.0,목동중앙본로7길,양천구,목4동
12717.0,연무장1길,성동구,성수2가3동
12718.0,아차산로11길,성동구,성수2가3동
12719.0,도화길,마포구,도화동
12723.0,화곡로_J,강서구,우장산동
12727.0,구천면로_D,강동구,천호3동
12730.0,화곡로13길,양천구,신월5동
12732.0,연무장길,성동구,성수2가1동
12733.0,화곡로_K,강서구,화곡1동
12734.0,한림말3길,성동구,옥수동
12735.0,양재대로124길,강동구,길동
12737.0,한강대로62나길,용산구,한강로동
12738.0,강서로17길,강서구,화곡1동
12739.0,이태원로_A,용산구,이태원1동
12742.0,월정로_A,강서구,화곡1동
12743.0,천호대로170길_A,강동구,성내2동
12744.0,천호대로_J,강동구,둔촌2동
12745.0,등촌로_C,양천구,목4동
12746.0,곰달래로_A,양천구,신월1동
12747.0,등촌로_D,양천구,목4동
12751.0,자양로13길,광진구,자양1동
12752.0,양평로_D,영등포구,당산2동
12753.0,강서로_H,강서구,화곡8동
12755.0,천호대로_K,강동구,성내3동
12756.0,목동중앙서로,양천구,목4동
12757.0,곰달래로13길_A,양천구,신월1동
12758.0,강서로16길,강서구,화곡8동
12759.0,강서로12길,강서구,화곡8동
12761.0,등촌로_F,강서구,화곡4동
12762.0,이태원로_B,용산구,한남동
12763.0,곰달래로13길_B,양천구,신월1동
12764.0,이태원로19길,용산구,이태원1동
12766.0,강서로18길,강서구,화곡8동
12768.0,곰달래로5길,양천구,신월1동
12769.0,한강대로52길,용산구,한강로동
12774.0,천호대로170길_B,강동구,성내2동
12776.0,자양로15길,광진구,자양1동
12777.0,천호옛14길,강동구,성내2동
12778.0,자양로_A,광진구,자양1동
12779.0,녹사평대로26길,용산구,이태원1동
12780.0,곰달래로_C,강서구,화곡4동
12781.0,양평로_F,영등포구,양평2동
12784.0,원효로_B,용산구,원효로2동
12786.0,명일로_B,강동구,길동
12789.0,가로공원로80길,강서구,화곡1동
12792.0,천호옛길,강동구,성내2동
12793.0,명일로_C,강동구,길동
12795.0,이태원로54길,용산구,한남동
12798.0,성덕정길_B,성동구,성수1가1동
12799.0,양재대로116길,강동구,길동
12800.0,가로공원로76길_A,강서구,화곡1동
12801.0,이태원로_D,용산구,한남동
12802.0,새창로_A,용산구,원효로1동
12804.0,효창원로42길,용산구,용문동
12805.0,성덕정길_C,성동구,성수2가1동
12806.0,뚝섬로27길,광진구,자양4동
12808.0,선유로47길,영등포구,양평2동
12809.0,천호대로187길,강동구,길동
12810.0,풍성로25길,송파구,풍납1동
12811.0,성덕정길_D,성동구,성수2가1동
12812.0,새창로14길,용산구,용문동
12813.0,양재대로_E,강동구,길동
12814.0,가로공원로,양천구,신월1동
12816.0,자양로18길,광진구,구의1동
12817.0,뚝섬로23길,광진구,자양4동
12819.0,천중로40길,강동구,길동
12823.0,동일로18길,광진구,자양4동
12824.0,남부순환로_B,양천구,신월3동
12825.0,남부순환로40길,양천구,신월3동
12826.0,성안로_A,강동구,길동
12827.0,가로공원로76길_B,강서구,화곡1동
12828.0,화곡로4길,양천구,신월5동
12831.0,양재대로_F,강동구,성내3동
12832.0,영중로_A,영등포구,영등포동
12834.0,양재대로96길,강동구,둔촌2동
12835.0,올림픽로47길,송파구,풍납2동
12840.0,양산로_A,영등포구,당산1동
12842.0,오목로_B,양천구,신정4동
12844.0,성안로_C,강동구,성내3동
12846.0,성내로6길,강동구,성내1동
12847.0,토성로,송파구,풍납2동
12852.0,당산로31길,영등포구,당산1동
12853.0,양재대로89길,강동구,성내3동
12854.0,올림픽로45길,송파구,풍납2동
12856.0,신정중앙로_A,양천구,신정4동
12857.0,성안로3길,강동구,성내1동
12858.0,신정중앙로_B,양천구,신정4동
12859.0,한강대로15길,용산구,한강로동
12864.0,성안로_D,강동구,성내3동
12866.0,당산로36길,영등포구,당산2동
12868.0,압구정로29길_A,강남구,압구정동
12870.0,성내로_B,강동구,성내1동
12871.0,곰달래로_D,강서구,화곡2동
12874.0,강서로_K,강서구,화곡1동
12875.0,자양로_C,광진구,자양1동
12877.0,진황도로,강동구,둔촌2동
12878.0,당산로37길,영등포구,당산2동
12879.0,독서당로_E,용산구,한남동
12881.0,월정로_C,강서구,화곡1동
12883.0,압구정로29길_B,강남구,압구정동
12884.0,강서로5나길,강서구,화곡1동
12885.0,자양로5길,광진구,자양2동
12887.0,뚝섬로_B,광진구,자양2동
12891.0,영신로40길,영등포구,영등포동
12892.0,중앙로32길_A,양천구,신정1동
12893.0,목동동로10길,양천구,신정2동
12896.0,강남대로107길,서초구,잠원동
12899.0,영등포로18길,영등포구,양평1동
12900.0,이촌로75길,용산구,이촌1동
12901.0,신월로_A,양천구,신월4동
12902.0,중앙로32길_B,양천구,신정1동
12903.0,영등포로_A,영등포구,당산1동
12904.0,삼성로_A,강남구,청담동
12906.0,압구정로4길,강남구,신사동
12908.0,신월로_B,양천구,신월6동
12909.0,중앙로_A,양천구,신정3동
12911.0,중앙로_B,양천구,신정3동
12915.0,영등포로_B,영등포구,당산1동
12917.0,중앙로32길_C,양천구,신정1동
12919.0,학동로_A,강남구,청담동
12924.0,지양로_A,양천구,신월7동
12925.0,영등포로25길,영등포구,당산1동
12926.0,영등포로_C,영등포구,양평1동
12929.0,영중로24길,영등포구,영등포동
12930.0,당산로_B,영등포구,당산1동
12933.0,버드나루로7길,영등포구,영등포동
12934.0,목동동로12길_A,양천구,신정2동
12935.0,지양로_B,양천구,신월7동
12936.0,목동동로12길_B,양천구,목1동
12937.0,지양로_C,양천구,신월7동
12938.0,영등포로_D,영등포구,양평1동
12939.0,양재대로81길,강동구,성내3동
12941.0,성안로_E,강동구,성내1동
12943.0,신월로_E,양천구,신정4동
12945.0,버드나루로_A,영등포구,영등포동
12946.0,삼성로_B,강남구,청담동
12947.0,선유로_C,영등포구,양평1동
12948.0,영등포로5길,영등포구,양평1동
12950.0,오목로54길,양천구,목1동
12951.0,신목로_B,양천구,신정2동
12952.0,신월로_F,양천구,신정4동
12955.0,언주로159길,강남구,압구정동
12956.0,양산로_B,영등포구,당산1동
12957.0,신목로2길,양천구,목1동
12958.0,도산대로,강남구,청담동
12959.0,언주로_B,강남구,압구정동
12960.0,강동대로53길,강동구,성내3동
12962.0,버드나루로_B,영등포구,영등포동
12964.0,영중로_C,영등포구,영등포동
12969.0,노량진로12길,동작구,노량진2동
12971.0,도신로,영등포구,신길1동
12972.0,노량진로,동작구,노량진2동
12974.0,오금로11길,송파구,방이2동
12975.0,영등포로_G,영등포구,신길1동
12979.0,삼성로115길,강남구,삼성2동
12981.0,신목로5길,양천구,신정2동
12988.0,도산대로30길,강남구,논현2동
12990.0,올림픽로35길_A,송파구,잠실6동
12991.0,선릉로132길,강남구,청담동
12992.0,도림로_A,영등포구,문래동
12993.0,올림픽로35길_B,송파구,잠실6동
12994.0,언주로147길,강남구,논현2동
12995.0,삼성로_D,강남구,청담동
12996.0,선릉로_B,강남구,논현2동
12998.0,중앙로_E,양천구,신정3동
12999.0,올림픽로33길,송파구,잠실4동
13000.0,백제고분로41길_A,송파구,송파1동
13001.0,양재대로72길,송파구,오금동
13002.0,위례성대로20길,송파구,오금동
13003.0,언주로108길,강남구,역삼1동
13004.0,흑석로_A,동작구,흑석동
13005.0,서달로,동작구,흑석동
13006.0,신길로_A,영등포구,신길3동
13009.0,장승배기로_B,동작구,노량진2동
13012.0,백제고분로46길_A,송파구,송파1동
13014.0,경인로59길,구로구,신도림동
13015.0,강남대로122길,강남구,논현1동
13018.0,백제고분로_B,송파구,잠실본동
13020.0,봉은사로_A,강남구,역삼1동
13022.0,현충로,동작구,흑석동
13023.0,백제고분로_C,송파구,송파1동
13025.0,봉은사로68길,강남구,삼성2동
13026.0,논현로_A,강남구,논현2동
13027.0,언주로125길,강남구,논현2동
13028.0,봉은사로_B,강남구,삼성2동
13029.0,올림픽로32길,송파구,방이2동
13034.0,목동남로4길_A,양천구,신정7동
13035.0,만양로,동작구,노량진1동
13036.0,목동남로4길_B,양천구,신정7동
13039.0,논현로_B,강남구,논현1동
13041.0,양재대로_J,송파구,오금동
13042.0,도신로60길,영등포구,신길1동
13043.0,신반포로43길,서초구,잠원동
13044.0,주흥길,서초구,반포1동
13045.0,백제고분로33길,송파구,석촌동
13046.0,고척로40길,구로구,고척2동
13048.0,역삼로_A,강남구,대치4동
13049.0,백제고분로_D,송파구,삼전동
13050.0,백제고분로_E,송파구,잠실본동
13052.0,새말로_A,구로구,구로5동
13053.0,경인로47길_A,구로구,고척1동
13056.0,상도로_A,동작구,상도2동
13058.0,상도로_B,동작구,상도4동
13059.0,백제고분로_F,송파구,삼전동
13061.0,여의대방로_A,영등포구,신길7동
13062.0,도신로4길,영등포구,대림3동
13063.0,백제고분로_G,송파구,삼전동
13065.0,대림로_A,영등포구,대림3동
13067.0,상도로15길,동작구,상도3동
13069.0,고척로_B,구로구,고척2동
13070.0,경인로35길,구로구,고척2동
13072.0,경인로47길_B,구로구,고척1동
13073.0,구로중앙로28길,구로구,구로5동
13074.0,상도로_D,동작구,상도2동
13076.0,백제고분로15길,송파구,잠실본동
13078.0,오금로31길_B,송파구,방이1동
13079.0,서달로10길,동작구,흑석동
13081.0,석촌호수로_C,송파구,삼전동
13082.0,오금로31길_C,송파구,방이1동
13083.0,경인로47길_C,구로구,고척1동
13084.0,삼학사로_A,송파구,삼전동
13086.0,신길로_B,영등포구,신길3동
13087.0,상도로_F,동작구,상도2동
13088.0,석촌호수로_E,송파구,석촌동
13089.0,송파대로49길,송파구,석촌동
13091.0,공원로8길,구로구,구로5동
13094.0,백제고분로18길,송파구,잠실본동
13095.0,백제고분로41길_B,송파구,송파1동
13096.0,언주로107길,강남구,역삼1동
13099.0,석촌호수로_F,송파구,삼전동
13100.0,백제고분로_H,송파구,잠실본동
13101.0,백제고분로46길_B,송파구,송파1동
13103.0,가락로28길,송파구,송파2동
13104.0,마천로_A,송파구,오금동
13105.0,여의대방로_B,동작구,대방동
13107.0,석촌호수로_H,송파구,석촌동
13108.0,논현로_C,강남구,역삼1동
13109.0,백제고분로_I,송파구,잠실본동
13110.0,장승배기로10길,동작구,상도2동
13111.0,상도로_I,동작구,상도2동
13112.0,오금로35길,송파구,오금동
13115.0,사평대로55길,서초구,반포1동
13116.0,새말로16길,구로구,구로5동
13118.0,서래로_A,서초구,반포4동
13119.0,상도로_J,동작구,상도1동
13120.0,동남로_A,송파구,오금동
13121.0,삼성로63길,강남구,대치4동
13123.0,여의대방로_C,동작구,신대방2동
13124.0,보라매로_A,동작구,신대방2동
13125.0,서래로_B,서초구,반포4동
13126.0,가락로12길,송파구,석촌동
13127.0,가락로_D,송파구,석촌동
13128.0,송이로_A,송파구,가락본동
13130.0,도곡로_A,강남구,대치2동
13132.0,보라매로_B,동작구,신대방2동
13133.0,상도로37길,동작구,상도1동
13134.0,상도로_K,동작구,상도1동
13136.0,구로동로42길,구로구,구로2동
13137.0,구로동로_A,구로구,구로2동
13139.0,여의대방로24길,동작구,대방동
13140.0,대림로_B,영등포구,대림3동
13145.0,가락로_E,송파구,석촌동
13146.0,여의대방로22길,동작구,대방동
13147.0,거마로_A,송파구,마천2동
13148.0,오금로36길_A,송파구,가락본동
13149.0,역삼로_C,강남구,역삼2동
13152.0,삼성로64길,강남구,대치2동
13153.0,오금로36길_B,송파구,가락본동
13154.0,백제고분로32길,송파구,삼전동
13155.0,사평대로,서초구,반포4동
13156.0,송파대로37길,송파구,석촌동
13157.0,성대로1길,동작구,상도4동
13158.0,경서로,구로구,개봉1동
13159.0,대림로_C,영등포구,대림3동
13160.0,백제고분로22길,송파구,삼전동
13162.0,상도로_L,동작구,상도1동
13163.0,서초중앙로29길,서초구,반포4동
13168.0,역삼로_D,강남구,대치4동
13169.0,언주로_C,강남구,역삼2동
13170.0,신반포로_C,서초구,반포본동
13171.0,삼성로_F,강남구,대치2동
13173.0,신반포로3길,서초구,반포본동
13174.0,백제고분로40길,송파구,석촌동
13175.0,중앙로6길,구로구,고척1동
13176.0,공원로,구로구,구로5동
13177.0,가마산로_A,영등포구,대림3동
13180.0,삼학사로_B,송파구,삼전동
13182.0,백제고분로34길,송파구,석촌동
13183.0,백제고분로_J,송파구,삼전동
13184.0,송이로17길,송파구,가락본동
13185.0,구로중앙로14길,구로구,구로4동
13186.0,개봉로17길,구로구,개봉2동
13187.0,동남로18길_A,송파구,가락2동
13188.0,오금로_A,송파구,거여1동
13189.0,부일로15길,구로구,수궁동
13190.0,언주로_D,강남구,역삼2동
13192.0,오금로46길_A,송파구,가락2동
13194.0,도곡로_C,강남구,역삼2동
13195.0,도림로_B,영등포구,대림2동
13198.0,거마로_C,송파구,거여1동
13199.0,오류로8길_A,구로구,오류2동
13202.0,오류로8길_B,구로구,오류2동
13204.0,중대로12길,송파구,가락본동
13205.0,오금로46길_B,송파구,가락2동
13206.0,방배로42길,서초구,방배본동
13207.0,개봉로20길,구로구,개봉3동
13208.0,상도로61길,동작구,상도1동
13209.0,마천로_B,송파구,마천1동
13212.0,마천로41길_A,송파구,마천2동
13213.0,대림로29길,영등포구,대림3동
13216.0,대림로_D,영등포구,대림3동
13217.0,서초중앙로24길,서초구,서초4동
13222.0,중대로9길,송파구,가락본동
13223.0,경인로_D,구로구,오류1동
13224.0,오금로_B,송파구,가락2동
13225.0,역삼로_E,강남구,역삼2동
13227.0,구일로10길,구로구,구로1동
13228.0,동작대로,서초구,방배본동
13229.0,서래로_D,서초구,반포4동
13231.0,마천로41길_B,송파구,마천2동
13232.0,상도로_N,동작구,상도1동
13233.0,논현로72길,강남구,역삼2동
13236.0,삼성로57길,강남구,대치1동
13237.0,방배중앙로25길,서초구,방배본동
13238.0,남부순환로97길,구로구,개봉2동
13239.0,마천로45길,송파구,마천2동
13240.0,선릉로_C,강남구,역삼2동
13241.0,개봉로23가길,구로구,개봉1동
13242.0,거마로20길,송파구,마천2동
13243.0,대림로27가길,영등포구,대림3동
13245.0,마천로41길_C,송파구,마천1동
13247.0,디지털로31길,구로구,구로3동
13250.0,신대방1가길,동작구,신대방1동
13251.0,대림로_E,동작구,신대방1동
13253.0,서초대로25길,서초구,방배4동
13254.0,개포로_B,강남구,개포2동
13255.0,양재대로55길,강남구,일원1동
13256.0,동남로_C,송파구,문정1동
13257.0,봉천로_A,관악구,보라매동
13258.0,언주로30길_A,강남구,도곡2동
13259.0,언주로30길_B,강남구,도곡2동
13260.0,방배로_B,서초구,방배4동
13261.0,구로동로_C,구로구,구로4동
13264.0,일원로9길,강남구,일원1동
13265.0,대림로_F,영등포구,대림2동
13267.0,동남로6길_A,송파구,문정1동
13268.0,보라매로_C,관악구,보라매동
13269.0,동작대로29나길,동작구,사당2동
13270.0,일원로,강남구,일원1동
13272.0,시흥대로_B,동작구,신대방1동
13273.0,동광로_A,서초구,방배4동
13274.0,오금로_C,송파구,거여2동
13275.0,시흥대로_C,영등포구,대림1동
13276.0,당곡길,관악구,보라매동
13277.0,일원로3길,강남구,일원1동
13278.0,구로동로_D,구로구,구로2동
13281.0,구로동로26길_A,구로구,구로4동
13284.0,신대방길,동작구,신대방1동
13286.0,구로동로26길_B,구로구,구로4동
13287.0,방배로_C,서초구,방배4동
13290.0,구로동로28길_A,구로구,구로4동
13291.0,오류로8길_C,구로구,오류2동
13294.0,동남로18길_B,송파구,가락2동
13296.0,디지털로53길,영등포구,대림2동
13300.0,구로동로28길_B,구로구,구로2동
13301.0,구로동로22길,구로구,구로4동
13303.0,남부순환로333길,서초구,서초1동
13305.0,서초대로24길,서초구,방배1동
13307.0,사당로_B,동작구,사당3동
13308.0,행운1길,관악구,행운동
13309.0,남부순환로_C,관악구,신사동
13310.0,사당로_C,동작구,사당5동
13311.0,난곡로_A,관악구,신사동
13314.0,관악로_A,관악구,중앙동
13315.0,사당로16가길_A,동작구,사당4동
13316.0,도구로,서초구,방배4동
13317.0,도림로_F,구로구,구로4동
13321.0,논현로28길,강남구,도곡2동
13323.0,구로동로_E,구로구,가리봉동
13328.0,개봉로3길_A,구로구,개봉3동
13329.0,개봉로3길_B,구로구,개봉3동
13330.0,동남로4길_A,송파구,문정1동
13334.0,언주로30길_C,강남구,도곡2동
13335.0,반포대로_B,서초구,서초3동
13336.0,방배로_D,서초구,방배1동
13337.0,신림동7길,관악구,신림동
13339.0,동남로4길_B,송파구,문정1동
13340.0,봉천로6길,관악구,신림동
13341.0,송이로31길,송파구,장지동
13343.0,개포로82길,강남구,개포2동
13348.0,개봉로3길_C,구로구,개봉3동
13351.0,동남로6길_B,송파구,문정1동
13353.0,개봉로11길,구로구,개봉3동
13354.0,방배로27길,서초구,방배4동
13355.0,바우뫼로37길,서초구,양재1동
13357.0,새말로8길,송파구,장지동
13359.0,남부순환로_E,관악구,행운동
13360.0,남부순환로_F,금천구,독산3동
13361.0,바우뫼로_A,서초구,양재1동
13362.0,쑥고개로_A,관악구,청룡동
13363.0,디지털로_A,구로구,가리봉동
13367.0,방배천로6길,서초구,방배2동
13373.0,쑥고개로11길,관악구,청룡동
13375.0,조원로2길,관악구,조원동
13376.0,사당로30길,동작구,사당1동
13377.0,조원중앙로2길,관악구,조원동
13378.0,송이로36길,송파구,장지동
13379.0,방배천로16길,서초구,방배2동
13380.0,시흥대로_E,관악구,조원동
13381.0,서부샛길,금천구,가산동
13382.0,논현로26길,강남구,도곡2동
13383.0,논현로_D,서초구,양재1동
13384.0,남부순환로_K,관악구,신사동
13385.0,강남대로30길,서초구,양재1동
13386.0,선릉로_D,강남구,개포2동
13387.0,디지털로_B,구로구,가리봉동
13389.0,신원로3길,관악구,신원동
13390.0,난곡로_D,관악구,조원동
13391.0,새말로17길,송파구,장지동
13395.0,반포대로_C,서초구,서초3동
13396.0,사당로16길_A,동작구,사당4동
13397.0,남부순환로_M,관악구,조원동
13401.0,봉천로_C,관악구,은천동
13403.0,남부순환로161가길,관악구,신사동
13404.0,사당로16가길_B,동작구,사당4동
13407.0,사당로_E,동작구,사당3동
13410.0,남부순환로_O,서초구,양재1동
13411.0,반포대로_D,서초구,서초3동
13413.0,조원로16길,관악구,조원동
13414.0,우마길,구로구,가리봉동
13415.0,난우길,관악구,미성동
13418.0,논현로10길,강남구,개포4동
13419.0,독산로85길,금천구,독산3동
13420.0,마방로6길,서초구,양재2동
13421.0,난곡로_F,관악구,미성동
13422.0,남부순환로248길,관악구,인헌동
13423.0,난곡로_G,관악구,난곡동
13424.0,시흥대로148길,금천구,독산3동
13425.0,시흥대로138길,금천구,독산3동
13426.0,난곡로_H,관악구,난곡동
13427.0,법원단지길,관악구,난곡동
13428.0,가산로3길,금천구,독산1동
13429.0,인헌길,관악구,인헌동
13430.0,낙성대역길,관악구,인헌동
13431.0,관악로14길,관악구,낙성대동
13432.0,동작대로7길,동작구,사당1동
13434.0,남부순환로_P,관악구,낙성대동
13435.0,양재천로,서초구,양재1동
13437.0,남부순환로_Q,관악구,남현동
13438.0,남현길,관악구,남현동
13439.0,신림로_A,관악구,서림동
13440.0,방배로_E,서초구,방배3동
13441.0,시흥대로153길,금천구,가산동
13444.0,개포로22길,강남구,개포4동
13445.0,남부순환로_R,동작구,사당1동
13448.0,가산로_A,금천구,가산동
13450.0,개포로15길,강남구,개포4동
13451.0,시흥대로151길,금천구,독산1동
13452.0,낙성대로,관악구,낙성대동
13453.0,바우뫼로_B,서초구,양재1동
13459.0,독산로64길,금천구,독산2동
13461.0,강남대로8길,서초구,양재2동
13462.0,강남대로10길,서초구,양재2동
13463.0,시흥대로_H,금천구,독산2동
13465.0,대학길,관악구,대학동
13466.0,논현로11길,서초구,양재2동
13467.0,독산로75길,금천구,독산4동
13469.0,신림로11길,관악구,대학동
13470.0,동산로_A,서초구,양재2동
13471.0,강남대로18길,서초구,양재2동
13473.0,독산로_C,금천구,독산4동
13475.0,신림로_B,관악구,서림동
13477.0,마방로2길,서초구,양재2동
13478.0,동산로_B,서초구,양재2동
13479.0,신림로_C,관악구,대학동
13480.0,가산로_B,금천구,독산1동
13481.0,시흥대로122길,금천구,독산4동
13483.0,호암로26길,관악구,대학동
13484.0,독산로_D,금천구,시흥1동
13486.0,독산로39길,금천구,시흥1동
13487.0,시흥대로62길,금천구,시흥1동
13488.0,독산로_E,금천구,시흥4동
13489.0,독산로_F,금천구,독산2동
13491.0,시흥대로_J,금천구,시흥1동
13493.0,금하로_A,금천구,시흥1동
13495.0,금하로24길,금천구,시흥5동
13497.0,시흥대로50길,금천구,시흥1동
13499.0,금하로25길,금천구,시흥5동
13500.0,금하로_C,금천구,시흥1동
13503.0,시흥대로_M,금천구,시흥3동
13505.0,화랑로11길,성북구,월곡2동
13506.0,화곡로_L,강서구,화곡3동
13507.0,길음로_B,성북구,길음1동
13508.0,동숭길,종로구,이화동
13509.0,거북골로_C,서대문구,남가좌2동
13510.0,신촌로_E,서대문구,신촌동
13512.0,조원로_B,관악구,신사동
13513.0,동일로217가길,노원구,상계6.7동
13514.0,영동대로112길,강남구,삼성1동
13515.0,효령로_C,서초구,서초2동
13516.0,등촌로_G,강서구,등촌2동
13517.0,목동동로8길,양천구,신정2동
13518.0,학동로88길,강남구,삼성1동
13519.0,국사봉1길,동작구,상도3동
13520.0,덕릉로_F,도봉구,창2동
13523.0,뚝섬로_C,광진구,자양3동
13525.0,사당로16길_B,동작구,사당4동
13527.0,동호로_B,중구,다산동
13528.0,도봉로169나길,도봉구,도봉1동
13531.0,올림픽로12길,송파구,잠실본동
13532.0,마천로51길,송파구,마천2동
13533.0,종암로22길,성북구,종암동
13534.0,까치산로_B,강서구,화곡6동
13537.0,오목로_G,양천구,신정4동
13538.0,봉은사로_C,강남구,논현2동
13539.0,동남로_F,송파구,문정1동
13540.0,논현로5길,서초구,양재2동
13541.0,긴고랑로11길,광진구,중곡1동
13542.0,상일로_D,강동구,상일동
13543.0,한글비석로24길,노원구,상계5동
13544.0,고척로30길,구로구,개봉1동
13545.0,성수일로,성동구,성수1가2동
13547.0,고척로_C,구로구,고척2동
13550.0,사가정로25길,동대문구,장안2동
13551.0,영화사로_D,광진구,중곡4동
13552.0,회나무로,용산구,이태원2동
13554.0,휘경로3길,동대문구,이문1동
13557.0,면목로48길,중랑구,면목3.8동
13562.0,고산자로34길,동대문구,용신동
13563.0,한글비석로52길,노원구,상계5동
13567.0,녹사평대로54길,용산구,이태원2동
13568.0,천중로,강동구,길동
13572.0,논현로18길,강남구,개포4동
13573.0,송이로_C,송파구,가락본동
13577.0,개운사길_B,성북구,안암동
13578.0,아차산로_H,광진구,자양1동
13587.0,논현로_E,강남구,논현1동
13588.0,신월로_G,양천구,신월6동
13589.0,백제고분로_K,송파구,송파1동
13591.0,새말로_B,송파구,장지동
13594.0,강서로_M,강서구,화곡3동
13596.0,백제고분로45길,송파구,송파1동
13597.0,망우로_J,동대문구,휘경2동
13598.0,역삼로_F,강남구,대치2동
13601.0,통일로_M,서대문구,홍제2동
13602.0,언주로97길,강남구,역삼1동
13603.0,보문로38길,성북구,삼선동
13604.0,도곡로77길,강남구,대치4동
13606.0,통일로_N,은평구,불광2동
13608.0,양재천로19길,서초구,양재1동
13609.0,돌곶이로,성북구,석관동
13610.0,다산로_G,중구,청구동
13611.0,방배로_F,서초구,방배3동
13613.0,백제고분로42길,송파구,송파1동
13614.0,백제고분로39길,송파구,석촌동
13615.0,응암로13길_B,은평구,응암3동
13616.0,삼선교로10길,성북구,삼선동
13617.0,능동로13길,광진구,화양동
13619.0,방학로_B,도봉구,방학2동
13620.0,동일로22길,광진구,화양동
13622.0,서초중앙로22길,서초구,서초1동
13624.0,곰달래로13길_C,양천구,신월1동
13626.0,구로중앙로_B,구로구,구로2동
13629.0,중앙로_F,양천구,신정3동
13634.0,신원로3가길,관악구,신원동
13635.0,곰달래로_E,강서구,화곡4동
13638.0,백제고분로48길,송파구,방이2동
13639.0,백제고분로_L,송파구,방이2동
13640.0,백제고분로50길,송파구,방이2동
13641.0,가락로_F,송파구,방이1동
13642.0,양재대로71길,송파구,방이1동
13643.0,위례성대로18길,송파구,방이1동
13644.0,천호대로83길,동대문구,장안1동
13645.0,장한로_D,동대문구,장안1동
13646.0,답십리로66길,동대문구,장안1동
13647.0,답십리로_C,동대문구,장안1동
13648.0,장한로21길,동대문구,장안1동
13649.0,율곡로14길,종로구,종로5.6가동
13650.0,통일로69길,은평구,대조동
13651.0,도봉로152가길,도봉구,도봉2동
